<?xml version="1.0" encoding="UTF-8"?>
<project-private xmlns="http://www.netbeans.org/ns/project-private/1">
    <editor-bookmarks xmlns="http://www.netbeans.org/ns/editor-bookmarks/2" lastBookmarkId="0"/>
    <open-files xmlns="http://www.netbeans.org/ns/projectui-open-files/2">
        <group>
            <file>file:/C:/Users/fuent/OneDrive/Documentos/NetBeansProjects/Bank_Houston/src/cl/bankhouston/entidades/CuentaCorriente.java</file>
            <file>file:/C:/Users/fuent/OneDrive/Documentos/NetBeansProjects/Bank_Houston/src/cl/bankhouston/entidades/Banco.java</file>
            <file>file:/C:/Users/fuent/OneDrive/Documentos/NetBeansProjects/Bank_Houston/src/cl/cliente/Cliente.java</file>
            <file>file:/C:/Users/fuent/OneDrive/Documentos/NetBeansProjects/Bank_Houston/src/cl/bankhouston/entidades/CuentaInversion.java</file>
            <file>file:/C:/Users/fuent/OneDrive/Documentos/NetBeansProjects/Bank_Houston/src/cl/bankhouston/entidades/CuentaAhorros.java</file>
            <file>file:/C:/Users/fuent/OneDrive/Documentos/NetBeansProjects/Bank_Houston/src/cl/bankhouston/ejecutable/Main.java</file>
        </group>
    </open-files>
</project-private>
